{
    "timestamp": "2025-10-31 20:48:34",
    "best_score": 0.6453059763620348,
    "best_params": {
        "max_depth": 3,
        "learning_rate": 0.020530249251331695,
        "subsample": 0.7156808207915474,
        "colsample_bytree": 0.8375588687302147,
        "gamma": 2.48020583839779,
        "min_child_weight": 1.3963623465981456,
        "lambda": 4.461139107173519,
        "alpha": 0.0011335721333648463
    }
}
